topic,sentiment_mean,sentiment_std,subjectivity_mean,subjectivity_std,counting
Adaptation,0.16234523882231455,0.8194776781433809,0.23455461748813722,0.6543207336783315,24.0
Causes,0.06074087710766324,0.8406521214137249,0.2793341565870688,0.9133625136360168,10.0
Hazard,-0.23416698923049112,0.906953174384302,0.29454433323202434,0.9320328037708283,76.0
Impacts,-0.10389300678108879,0.8231334959556387,-0.25155542541106973,0.7272894367475545,26.0
Mitigation,-0.002147446020313347,0.6638966519372426,-0.1259377652837242,0.8046325132408559,49.0
