topic,sentiment_mean,sentiment_std,subjectivity_mean,subjectivity_std,counting
Adaptation,0.0025083039276242998,0.9223927390301543,0.16861391161376355,0.9960776354217197,67.0
Causes,0.044641012649037866,0.8953399862119529,-0.02777359643511322,0.867317463816628,31.0
Hazard,-0.16394475607659764,0.9566302106318659,0.2542472316408874,0.9014222275670081,141.0
Impacts,0.0025982452198390375,0.889319929431594,-0.18586431093998204,0.7419560817552153,69.0
Mitigation,-0.036576761170807555,0.7965948667831655,-0.08693186080282002,0.9044229531212614,107.0
