topic,sentiment_mean,sentiment_std,subjectivity_mean,subjectivity_std,counting
Adaptation,0.122667252082502,0.8869728569606717,0.17981172691469843,0.8984718483370487,107.0
Causes,-0.08025193761045199,0.8589698452877492,0.08486897907571572,0.8724209883823625,59.0
Hazard,-0.1632662945136249,0.9537498852454249,0.20624726140114963,0.9212076946837788,208.0
Impacts,-0.047723380789948464,0.8342848322307002,-0.15650685058013647,0.7882410393715231,109.0
Mitigation,0.0069821637595174,0.803208458771079,-0.0721296738726874,0.8930269755930811,200.0
