topic,sentiment_mean,sentiment_std,subjectivity_mean,subjectivity_std,counting
Adaptation,0.11715208033588444,0.8748225761172097,0.22678813606136333,0.9852165568336884,49.0
Causes,0.07263980156200761,0.9007618527245028,-0.08018335227615764,0.9304171956663826,23.0
Hazard,-0.2628281205045887,0.9335888245261397,0.3177680462410891,0.8883011546501259,105.0
Impacts,0.09880712101179356,0.8597815698402982,-0.22318527387737172,0.7093723370996038,53.0
Mitigation,-0.08777938687189538,0.7809814179201332,-0.0845699844453948,0.8477781566965231,83.0
