topic,sentiment_mean,sentiment_std,subjectivity_mean,subjectivity_std,counting
Adaptation,0.005853934443520281,0.9175808769967609,0.19231894904019425,0.9947011985327444,62.0
Causes,-0.043232797531303435,0.9432930196141293,-0.044339699017503044,0.8716327210954603,28.0
Hazard,-0.21776203602688748,0.9279760782953526,0.27109535435997756,0.9080394521679642,124.0
Impacts,0.0700228733155567,0.862587167884712,-0.19608822165383138,0.7297573609005756,65.0
Mitigation,-0.020603368164512442,0.8094442023062561,-0.06992887870765167,0.8897577818300428,95.0
