topic,sentiment_mean,sentiment_std,subjectivity_mean,subjectivity_std,counting
Adaptation,0.10280738586136068,0.881359309423781,0.1715281419199696,0.9057721680378318,105.0
Causes,-0.11365520276800203,0.8898704302282274,0.07677093829858053,0.8794998686921465,53.0
Hazard,-0.1489267003788761,0.9502019613768211,0.20639668640667244,0.918311576625209,201.0
Impacts,-0.041411014390072824,0.8463702445985523,-0.15497000291449137,0.795331328422974,103.0
Mitigation,0.0050402006598762854,0.8041010203144056,-0.05375849194164033,0.8813276447089536,190.0
