week,sentiment_mean,sentiment_std,subjectivity_mean,subjectivity_std,counting
2025-40,0.38133120111835944,0.8154545658130056,0.3214409319038728,0.7095514044727438,10.0
2025-41,-0.0069178834738822465,0.6715553643028933,0.07077149504044586,0.8130885833304335,56.0
2025-42,-0.11273548713308212,0.6644145067831743,0.06408501663846058,0.7480552086748228,49.0
2025-43,0.08507349606961351,0.7162898606528109,0.20728297774619425,0.8740868178912974,84.0
2025-44,0.11342199224662068,0.8445339924150141,0.08650171382658245,0.7649072534831928,142.0
2025-45,-0.0642274247191053,0.8317200581606267,0.17539643436088753,0.8323791898053785,63.0
2025-46,-0.7958901760978148,0.35114668980906744,0.18993854860185827,0.7539309201461013,4.0
