keyword,sentiment_mean,sentiment_std,subjectivity_mean,subjectivity_std,counting
'fog accident',0.0,0.9999999999999999,1.4099832412739488e-14,1.00000000000001,2.0
'fog flights',-0.175,1.0,0.325,1.0,1.0
'fog light',0.22128802910052908,0.10296678259358101,0.5270502645502646,0.1281746031746032,4.0
'fog slow down',0.20396825396825394,1.0,0.5662698412698413,1.0,1.0
'foggy conditions',0.15,1.0,0.5208333333333334,1.0,1.0
