topic,sentiment_mean,sentiment_std,subjectivity_mean,subjectivity_std,counting
Adaptation,0.06354338312003564,0.9268402329507677,0.15879540262968844,0.9340523596480574,83.0
Causes,-0.0034075944556501876,0.8718474567304504,-0.013801315650677723,0.8517210073479046,43.0
Hazard,-0.14754385071973006,0.9498224822572224,0.2509137198359763,0.8990531009323492,179.0
Impacts,0.013059083145312603,0.8538288956899861,-0.18834545274797668,0.8042594347370152,85.0
Mitigation,-0.03448927013561673,0.7741892976442777,-0.11193811686300754,0.8855114588289233,145.0
