topic,sentiment_mean,sentiment_std,subjectivity_mean,subjectivity_std,counting
Adaptation,0.03904183814621056,0.963691667027878,0.1306568859223424,0.9685202169022674,75.0
Causes,0.005659127890151661,0.8679715874949493,-0.05170471507363192,0.87665073105958,36.0
Hazard,-0.15203755360878968,0.9464222611617717,0.2596875776697275,0.9048701124885613,163.0
Impacts,0.009163042913894396,0.8729074607818478,-0.2218695065970099,0.7827304847752005,76.0
Mitigation,-0.05258453151409171,0.7919139718472321,-0.08009810295950637,0.8833702903204304,124.0
