topic,sentiment_mean,sentiment_std,subjectivity_mean,subjectivity_std,counting
Adaptation,0.042053262624994085,0.936844726412953,0.14183562774071007,0.9535052011412652,80.0
Causes,0.04209505713283749,0.8579924816656943,-0.01468024213757989,0.8593956946399424,39.0
Hazard,-0.16527417800814387,0.9570603432526548,0.26112939557079273,0.9051694994192242,170.0
Impacts,0.017125158430205477,0.8657642220416019,-0.23675364358113454,0.7807517192389987,78.0
Mitigation,-0.025141931926143956,0.7887391412296682,-0.0989878580902851,0.8896812603019073,138.0
