topic,sentiment_mean,sentiment_std,subjectivity_mean,subjectivity_std,counting
Adaptation,0.08575676291975003,0.9262322985980165,0.16095366418490495,0.9358502004806926,89.0
Causes,-0.029757776028184236,0.8925909359473767,-0.006317944347235182,0.8690781756286082,45.0
Hazard,-0.14760056372995645,0.9501480333353772,0.25250605222099,0.901754317630801,180.0
Impacts,-0.015900409377313154,0.838187969200237,-0.15228284103430245,0.795193745391281,92.0
Mitigation,-0.04264484595862505,0.7839671385170704,-0.11542705425149136,0.8758929375921046,162.0
