week,sentiment_mean,sentiment_std,subjectivity_mean,subjectivity_std,counting
2025-40,0.3648604713849298,0.8083223266720859,0.31354783328638824,0.7113575230734177,10.0
2025-41,-0.014309962470523022,0.669222341717155,0.06924264429343825,0.8139331303987657,56.0
2025-42,-0.12553970104695172,0.6638658822944112,0.06504465376679223,0.7551626108985413,47.0
2025-43,0.07984208333892853,0.7145767706412086,0.20437998699721888,0.8704893202386363,84.0
2025-44,0.10342688787597305,0.8393302863022465,0.08986213643029937,0.7485682990221377,140.0
2025-45,-0.0678919418564768,0.8218846263548708,0.19360868970068784,0.8215831405072452,62.0
