topic,sentiment_mean,sentiment_std,subjectivity_mean,subjectivity_std,counting
Adaptation,0.08664915696577229,0.9262857279678406,0.16048172633334024,0.9359179111696038,89.0
Causes,-0.05697008234384083,0.9020980365796233,-0.008773740567710612,0.8624926942586808,47.0
Hazard,-0.1488940914642135,0.9454407298655582,0.24447934828358572,0.9046704543955294,182.0
Impacts,-0.01529960758004563,0.8379339447692512,-0.15270054862558746,0.7954634981621516,92.0
Mitigation,-0.04464471605944499,0.7884430684297811,-0.10764020273451191,0.8763240430811314,163.0
