topic,sentiment_mean,sentiment_std,subjectivity_mean,subjectivity_std,counting
Adaptation,0.09350117711314661,0.9125449168851146,0.17296501964498978,0.9171822631089536,95.0
Causes,-0.06721821434687321,0.9001200709729422,-0.00978603580585065,0.8594704740551607,48.0
Hazard,-0.15334694772549856,0.9491685690095677,0.22907810271266651,0.9067452425222801,187.0
Impacts,-0.02001896833949704,0.8249149080791328,-0.13959954248421114,0.8073352689411424,95.0
Mitigation,-0.017144403922449706,0.8035343139151733,-0.08641739627577093,0.8790275873330514,175.0
