topic,sentiment_mean,sentiment_std,subjectivity_mean,subjectivity_std,counting
Adaptation,-0.005070751093612693,0.9202818474703285,0.20418336070246498,0.9853064700619053,61.0
Causes,-0.028971179458604085,0.9603621137200048,-0.020707866683165606,0.8762527404009915,27.0
Hazard,-0.22438167771353212,0.9208927936487707,0.2964715896741651,0.8962617965878876,117.0
Impacts,0.10315992238179231,0.8733858576964211,-0.1834447705341944,0.7207797781088829,63.0
Mitigation,-0.012583635039573758,0.779990878969692,-0.0969512791553535,0.875754286451792,89.0
