topic,sentiment_mean,sentiment_std,subjectivity_mean,subjectivity_std,counting
Adaptation,0.07288848396454621,0.9254738934727418,0.16575612168131723,0.9313114238325714,84.0
Causes,-0.012522759195506484,0.8830223383239186,-0.023488251338978482,0.8682757019942523,44.0
Hazard,-0.15063933604621282,0.947703927469846,0.2490043156221069,0.8999257843524548,180.0
Impacts,0.007461707640918673,0.8502078953314547,-0.1779973043068839,0.8061666187194316,86.0
Mitigation,-0.02659534000065921,0.7929883447530299,-0.11465826018836989,0.8832579121359986,152.0
