topic,sentiment_mean,sentiment_std,subjectivity_mean,subjectivity_std,counting
Adaptation,-0.008503137299318828,0.9168414254594426,0.14940748679075652,0.9875151115474674,68.0
Causes,0.04391394121931266,0.8957616555079823,0.012866363107070122,0.8553956353631499,32.0
Hazard,-0.1693443134900315,0.947830564941467,0.2502485397454097,0.9059700244171519,152.0
Impacts,-0.023474391334999827,0.8773708700107336,-0.21869788483774305,0.7570748952206229,71.0
Mitigation,-0.011001361517649967,0.8219306944404094,-0.08355972985120826,0.8913922795913328,114.0
