topic,sentiment_mean,sentiment_std,subjectivity_mean,subjectivity_std,counting
Adaptation,0.24045675456303736,0.8277457706808402,0.1744632294996296,0.7925720241688771,14.0
Causes,-1.356365222996822,1.0,0.41274494213417184,1.0,1.0
Hazard,-0.19841326580134705,0.8512334672330185,0.25191771703909943,0.8715158444796788,58.0
Impacts,0.2586587167468592,0.6513693431077893,-0.23750010687681086,0.6413282615358762,7.0
Mitigation,-0.11614590949124624,0.6001101016774136,0.00021453691922248893,0.8202988155076145,26.0
