week,sentiment_mean,sentiment_std,subjectivity_mean,subjectivity_std,counting
2025-40,0.36689661141534213,0.8065951139206623,0.3157745685025045,0.7101665029036088,10.0
2025-41,-0.012218189132292594,0.6702524860910691,0.07058907352726176,0.8141991250139028,56.0
2025-42,-0.11593833694174074,0.6654438807614189,0.06592533218979689,0.7465827859696516,49.0
2025-43,0.08156383704616935,0.7172512516465456,0.20626378015877478,0.872997877068415,84.0
2025-44,0.09799257368148849,0.8444070556918067,0.08504252517912607,0.7570985555035018,142.0
2025-45,-0.06687091956373205,0.8241210949406922,0.19482662453486888,0.8230307668430878,62.0
