topic,sentiment_mean,sentiment_std,subjectivity_mean,subjectivity_std,counting
Adaptation,0.11828981023120272,0.8830726277594979,0.17188306292797056,0.8969329845491124,106.0
Causes,-0.11330395407754643,0.8911763777130576,0.08057540916491032,0.8770755313000732,53.0
Hazard,-0.16087898915263907,0.9490834681473405,0.20535202253064122,0.925447882523301,205.0
Impacts,-0.03437340652970003,0.8413063305819865,-0.16278785049167427,0.7942535026729988,104.0
Mitigation,0.0035667382141900913,0.80501815052238,-0.07211864876343067,0.8868501450752647,194.0
