topic,sentiment_mean,sentiment_std,subjectivity_mean,subjectivity_std,counting
Adaptation,0.10259684933826628,0.9107826494538913,0.20363482981513084,0.9136808754998724,41.0
Causes,0.1347904024250448,0.909826838141184,0.12481974847773214,0.72560059213019,17.0
Hazard,-0.2742295227028694,0.9285009019671635,0.32349731204178084,0.8836958130308633,97.0
Impacts,0.09072379951643172,0.837400977784278,-0.2708142647268093,0.7629067750627769,48.0
Mitigation,-0.05728640236915652,0.7509432699004905,-0.05474974904716217,0.8631234719253037,70.0
