week,sentiment_mean,sentiment_std,subjectivity_mean,subjectivity_std,counting
2025-40,0.37258842138698733,0.8122121302189155,0.32264676038797646,0.7085254711297584,10.0
2025-41,-0.010839002447085662,0.6709515518906469,0.07361283557757645,0.8093007184927754,56.0
2025-42,-0.11593833694174074,0.6654438807614189,0.06592533218979689,0.7465827859696516,49.0
2025-43,0.08225331749519442,0.7171000555150179,0.20790178752869307,0.8728767486052279,84.0
2025-44,0.1019001959806441,0.8475914251420512,0.0909890453375229,0.7594265923182555,142.0
2025-45,-0.07238372466461733,0.8253085290645208,0.1849357822935583,0.8288754212962903,63.0
2025-46,-0.3327736373667399,1.0,-0.7917546385701354,1.0,1.0
