topic,sentiment_mean,sentiment_std,subjectivity_mean,subjectivity_std,counting
Adaptation,0.16289628204228515,0.8675713853037482,0.21009789270318946,0.7798717431395737,15.0
Causes,-0.853898654935808,0.7105950351909499,-0.23904622575853499,0.921771909468865,2.0
Hazard,-0.18350317086069845,0.838067705787362,0.2177093569204246,0.8729730156947949,65.0
Impacts,0.30501270944111375,0.6441959094169587,-0.09400635365546044,0.619771824649932,8.0
Mitigation,-0.1002979587623412,0.684693305082266,-0.06496752907228448,0.8267164902197817,33.0
