topic,sentiment_mean,sentiment_std,subjectivity_mean,subjectivity_std,counting
Adaptation,0.25026193184614387,0.8332778255250302,0.18460152638117894,0.7973666634775229,14.0
Causes,-1.356365222996822,1.0,0.41274494213417184,1.0,1.0
Hazard,-0.19854731759004626,0.8474167938282574,0.23966849322645428,0.8767897926188732,59.0
Impacts,0.3055674467436063,0.6445997755120735,-0.09427987853627873,0.61945478259861,8.0
Mitigation,-0.175157999222644,0.5926350579730679,-0.08031762315000561,0.8432242724888573,30.0
