topic,sentiment_mean,sentiment_std,subjectivity_mean,subjectivity_std,counting
Hazard,0.15,1.0,0.5208333333333334,1.0,1.0
Impacts,-0.05833333333333333,0.7142886904699901,0.10833333333334273,0.7315793417896246,3.0
Mitigation,0.21782407407407406,0.0895076178902212,0.5348941798941799,0.11237963211293145,5.0
