topic,sentiment_mean,sentiment_std,subjectivity_mean,subjectivity_std,counting
Adaptation,0.1027502493019502,0.9010614652884181,0.07327039114543567,0.8103656435000683,31.0
Causes,-0.03527291261715934,0.7022065871587903,0.24653040498981396,0.8143614725608451,14.0
Hazard,-0.28038190667829743,0.9189756108863263,0.32007904329642417,0.9137941695985173,87.0
Impacts,0.09482371097157512,0.8687522874641889,-0.26143473936636563,0.7127826531662868,42.0
Mitigation,-0.055236745145225356,0.7019499289938775,-0.05042575906281276,0.8452762814156313,61.0
