topic,sentiment_mean,sentiment_std,subjectivity_mean,subjectivity_std,counting
Adaptation,0.09090129412263172,0.8974396185842763,0.17393167610343846,0.9163487404268728,100.0
Causes,-0.0503720293607555,0.8874281456780757,0.04646120228944851,0.8754884824551451,51.0
Hazard,-0.15356340483475,0.9525836593429552,0.2215740822408407,0.9101979285388514,194.0
Impacts,-0.03556031757175361,0.8421562363182999,-0.15573359206091142,0.7980371153247312,99.0
Mitigation,-0.0009375548355067324,0.8061352169190893,-0.060124088510325684,0.8822291843732809,186.0
