topic,sentiment_mean,sentiment_std,subjectivity_mean,subjectivity_std,counting
Adaptation,0.033879577127000356,0.894025044475663,0.19732478323156685,0.9738514248376107,60.0
Causes,-0.016871466957273953,0.9724632165397603,-0.01288874534447766,0.877358747434473,26.0
Hazard,-0.23605186833868105,0.9132527335475173,0.2944432694547465,0.8912321457282517,116.0
Impacts,0.1251114768142606,0.8550818302822926,-0.20601526317958604,0.7383673465660767,57.0
Mitigation,-0.040138141367850246,0.7794629813254025,-0.09427128322281039,0.8642889823359138,85.0
