topic,sentiment_mean,sentiment_std,subjectivity_mean,subjectivity_std,counting
Hazard,0.15,1.0,0.5208333333333334,1.0,1.0
Impacts,-0.05833333333333333,0.7142886904699901,0.10833333333334273,0.7315793417896246,3.0
Mitigation,0.24328703703703702,0.11114796783364206,0.603835978835979,0.03307328011750196,3.0
