topic,sentiment_mean,sentiment_std,subjectivity_mean,subjectivity_std,counting
Adaptation,0.17092145976359477,0.8703945669263788,0.20737996733480374,0.777019093700869,15.0
Causes,-1.356365222996822,1.0,0.41274494213417184,1.0,1.0
Hazard,-0.19067967934966037,0.8482415810737371,0.23453830369976003,0.8828860174838267,60.0
Impacts,0.30671659502774223,0.6454477218561685,-0.09470147713670916,0.6189676844735277,8.0
Mitigation,-0.18875642894924527,0.5898707696928567,-0.07801617547745435,0.8318959907197898,31.0
