topic,sentiment_mean,sentiment_std,subjectivity_mean,subjectivity_std,counting
Adaptation,0.24897539627243948,0.8345925911746712,0.17991080936536483,0.7957863641139254,14.0
Causes,-1.356365222996822,1.0,0.41274494213417184,1.0,1.0
Hazard,-0.19672572578100128,0.8548690065721983,0.2551733320904611,0.8739499661828544,58.0
Impacts,0.31607738673106645,0.6245362544615842,-0.14116495884019492,0.6532902916460678,8.0
Mitigation,-0.16500885108905344,0.5995092228676118,-0.04657984418041669,0.8329168087671569,29.0
