week,sentiment_mean,sentiment_std,subjectivity_mean,subjectivity_std,counting
2025-40,0.37825748654597957,0.8183240019211213,0.32233815904934093,0.7091400620983832,10.0
2025-41,-0.006448247964524484,0.680491960258755,0.07375288324505724,0.8176677803795768,56.0
2025-42,-0.11762191044135706,0.6808625986255434,0.06844971553002209,0.7579583021859424,49.0
2025-43,0.0989872548883419,0.7309249311283901,0.2100402148594608,0.8812063185640828,85.0
2025-44,0.10657187048859967,0.8423799726723619,0.08784749275335844,0.7675986226235202,142.0
2025-45,-0.05417554983983506,0.8372740944032017,0.15199577408043402,0.8456833655243977,63.0
2025-46,-0.7078666797287362,0.3272634563942543,0.290884213809853,0.620097177168741,6.0
2025-47,0.13651023664063183,0.7178857027730885,-0.104438364138392,0.657102738240379,5.0
