topic,sentiment_mean,sentiment_std,subjectivity_mean,subjectivity_std,counting
Adaptation,0.27036803830435974,0.8783036233409576,0.1906909004749728,0.7339362190279096,17.0
Causes,-0.8541735984200444,0.7102062063866565,-0.23030150823995596,0.909405011354969,2.0
Hazard,-0.17219669006663796,0.8559460314203537,0.25055875028798286,0.8807437348311733,67.0
Impacts,0.15010934861741218,0.4597371675487905,-0.24421995138466804,0.7404780794373451,10.0
Mitigation,-0.10768023212422462,0.6892470316015195,-0.0721788179449967,0.8288284079823539,33.0
