topic,sentiment_mean,sentiment_std,subjectivity_mean,subjectivity_std,counting
Adaptation,0.09412492019334787,0.9206349742727632,0.16957161858230438,0.9290600488723624,91.0
Causes,-0.06219516021251913,0.9017611579104005,-0.006512328741836809,0.8631538958388011,47.0
Hazard,-0.14740294839251494,0.945774080697464,0.24306365299311236,0.904442955098176,184.0
Impacts,-0.021989351477895002,0.8339464928782524,-0.15168736246575626,0.7969620733579694,92.0
Mitigation,-0.03427669573219024,0.7923938878978165,-0.11047808468876891,0.8725735127164977,167.0
