keyword,sentiment_mean,sentiment_std,subjectivity_mean,subjectivity_std,counting
'fog accident',0.0,0.9999999999999999,1.4099832412739488e-14,1.00000000000001,2.0
'fog flights',-0.175,1.0,0.325,1.0,1.0
'fog light',0.2629464285714285,0.1496288456617962,0.6226190476190476,0.008417937871268433,2.0
'fog slow down',0.20396825396825394,1.0,0.5662698412698413,1.0,1.0
'foggy conditions',0.15,1.0,0.5208333333333334,1.0,1.0
