topic,sentiment_mean,sentiment_std,subjectivity_mean,subjectivity_std,counting
Adaptation,0.08673070252536672,0.9061428842985848,0.16027467654312605,0.9188233788985392,98.0
Causes,-0.05582743246211112,0.897989306233529,0.007464471388585654,0.8596323228557331,49.0
Hazard,-0.15777745270458624,0.954030567325933,0.22383219396590168,0.9124410307663336,192.0
Impacts,-0.01622227741983295,0.8321565967213583,-0.13686298739706837,0.8068393620426411,98.0
Mitigation,-0.008720253349770734,0.797814985422728,-0.06680612008508119,0.8766981720663762,182.0
