topic,sentiment_mean,sentiment_std,subjectivity_mean,subjectivity_std,counting
Adaptation,0.10868908041898628,0.8794441769566239,0.1775564459961319,0.9026183838404541,106.0
Causes,-0.11363692340532416,0.8903352890714112,0.07825796273928763,0.8784023553215803,53.0
Hazard,-0.15503442824149466,0.9470669703411104,0.19710298851607788,0.9226464859650505,204.0
Impacts,-0.03849089302662956,0.8500902545155214,-0.15531578801263168,0.7958170415121356,103.0
Mitigation,0.005333315270529714,0.8054039435837358,-0.05950969539273044,0.8836822122297577,191.0
