week,sentiment_mean,sentiment_std,subjectivity_mean,subjectivity_std,counting
2025-40,0.3732332394971298,0.8134103880591053,0.31676213264442776,0.7089697387574803,10.0
2025-41,-0.008660065613834521,0.6798035561077485,0.07288139016344218,0.8217974927188215,56.0
2025-42,-0.11773252994539676,0.6817877595006029,0.07298141505275715,0.7550563636160222,49.0
2025-43,0.09040325185487588,0.7371108698193284,0.2053721940164265,0.8772043840485273,85.0
2025-44,0.10346983978085428,0.8477066950931571,0.08720001717503569,0.7672813139963773,142.0
2025-45,-0.07326663472091877,0.8255889048725599,0.1404548096418146,0.8542804710001118,63.0
2025-46,-0.7233952536789907,0.3304003089879449,0.27610511192034715,0.6302319987253945,6.0
2025-47,0.09491686722677124,0.650169601187211,-0.32730436567824633,0.8046231031172166,6.0
2025-48,0.5517226007889194,0.957733538641461,0.5257247296265801,0.7915109005803755,5.0
