topic,sentiment_mean,sentiment_std,subjectivity_mean,subjectivity_std,counting
Adaptation,0.10442285081574901,0.885131605430605,0.16815773915432147,0.9097064988245361,104.0
Causes,-0.09246695335294132,0.8956429543388205,0.06897066432284264,0.874229636861017,53.0
Hazard,-0.15439727059307523,0.9492579291356656,0.21883006209102765,0.9140273047977966,197.0
Impacts,-0.03383715599039983,0.8434846888499834,-0.15557831434375294,0.795984879415477,102.0
Mitigation,0.00023300576302178697,0.8071583419773114,-0.0547545742805995,0.879344893450971,189.0
