topic,sentiment_mean,sentiment_std,subjectivity_mean,subjectivity_std,counting
Adaptation,0.12115423571940098,0.8833485347429487,0.1821131652857489,0.8943642180739261,108.0
Causes,-0.08086602997639765,0.8596663692471432,0.0862823878735334,0.8718378782307018,59.0
Hazard,-0.16439635718915008,0.9541919800181559,0.20937585156084376,0.9229344601430485,208.0
Impacts,-0.05229753618782837,0.8389256310392608,-0.1557600464252508,0.7883017419194749,109.0
Mitigation,0.010087131930120558,0.8014598912543326,-0.08152178407942011,0.8909604782878248,204.0
