topic,sentiment_mean,sentiment_std,subjectivity_mean,subjectivity_std,counting
Adaptation,0.2661577999688842,0.8821755402597594,0.2055186820538978,0.7338634083289789,17.0
Causes,-0.60399129931309,0.6626427708471758,-0.6279921929334196,0.9475834308383873,3.0
Hazard,-0.1719851873540299,0.8638670150116806,0.26059973394841157,0.8794367567240674,68.0
Impacts,0.10744748848088659,0.5628799480195336,-0.3285839795119946,0.811068768883843,14.0
Mitigation,-0.10230212496278179,0.686515504303973,-0.07542169733687536,0.8187239337060433,34.0
