topic,sentiment_mean,sentiment_std,subjectivity_mean,subjectivity_std,counting
Adaptation,0.004367175537257138,0.9488305863559776,0.14125598291907537,0.98118638464612,72.0
Causes,0.025799845003233148,0.8652237086753156,-0.019347679138779245,0.8844358120743111,34.0
Hazard,-0.1724163083230318,0.9439234754129182,0.25201984141338507,0.9009585610267502,159.0
Impacts,0.013825887930213773,0.8742392952483897,-0.22351238762508407,0.7804332892552879,76.0
Mitigation,-0.029238847465026162,0.8034461807980002,-0.08674132287367356,0.8892448652955036,117.0
