week,sentiment_mean,sentiment_std,subjectivity_mean,subjectivity_std,counting
2025-40,0.15,1.0,0.5208333333333334,1.0,1.0
2025-41,-0.11533189002514548,0.513026603407446,0.6339826836759462,0.07057423164747594,3.0
2025-42,0.36874999999999997,1.0,0.6166666666666667,1.0,1.0
2025-43,0.2660533905932737,0.6237436867076458,-0.19105339059327023,0.729809703885623,2.0
