topic,sentiment_mean,sentiment_std,subjectivity_mean,subjectivity_std,counting
Adaptation,0.04012771401543701,0.9385389001806488,0.1403647705921881,0.9536539363769214,80.0
Causes,0.039251679770512735,0.8563234443350466,-0.01825729401650461,0.8586399916641181,39.0
Hazard,-0.1593902399996308,0.9551299145428561,0.27020750933360216,0.8972326274050797,168.0
Impacts,0.012168381507318323,0.870304618240254,-0.237101548142594,0.7795154108231176,78.0
Mitigation,-0.030414883493736763,0.789907613808231,-0.0955894175245682,0.8939265053979963,136.0
